categories,image_link
ampullae cucurbitae rosenhut alembics furnace,http://diglib.hab.de/drucke/xb-7887/00011.jpg
ampullae cucurbitae alembics furnace,http://diglib.hab.de/drucke/xb-7887/00012.jpg
ampullae,http://diglib.hab.de/drucke/196-quod-1s/00043.jpg
ampullae cucurbitae retorts furnace otherAlchemicalTools,http://diglib.hab.de/drucke/109-27-med-1s/00323.jpg
ampullae,http://diglib.hab.de/drucke/109-27-med-1s/00149.jpg
ampullae cucurbitae alembics,http://diglib.hab.de/drucke/xb-3832/00119.jpg
ampullae,http://diglib.hab.de/drucke/47-phys-2f/00063.jpg
ampullae cucurbitae alembics,http://diglib.hab.de/drucke/xb-7953/00021.jpg
ampullae ollae cucurbitae alembics otherAlchemicalTools,http://diglib.hab.de/drucke/nd-351/00006.jpg
ampullae cucurbitae alembics furnace,http://diglib.hab.de/drucke/nd-4f-18/00400.jpg
ampullae,http://diglib.hab.de/drucke/oc-77-1/01207.jpg
ampullae cucurbitae alembics,http://diglib.hab.de/drucke/nd-2f-1-1b/00973.jpg
ampullae cucurbitae alembics furnace,http://diglib.hab.de/drucke/38-7-med-1s/00006.jpg
ampullae cucurbitae alembics furnace,http://diglib.hab.de/drucke/xb-6197-2s/00301.jpg
ampullae ampullae cucurbitae cucurbitae retorts retorts alembics alembics furnace furnace otherAlchemicalTools otherAlchemicalTools,http://diglib.hab.de/drucke/46-10-med-1s/00148.jpg
ampullae furnace,http://diglib.hab.de/drucke/54-med-1s/00043.jpg
ampullae,http://diglib.hab.de/drucke/54-med-1s/00039.jpg
ampullae cucurbitae retorts alembics furnace,http://diglib.hab.de/drucke/xb-9206-1b/00863.jpg
ampullae,http://diglib.hab.de/drucke/89-4-quod-2f-1s/00065.jpg
ampullae cucurbitae alembics furnace,http://diglib.hab.de/drucke/35-1-phys-2f-1s/00063.jpg
ampullae cucurbitae,http://diglib.hab.de/drucke/35-1-phys-2f-1s/00068.jpg
ampullae,http://diglib.hab.de/drucke/35-1-phys-2f-1s/00074.jpg
ampullae furnace,http://diglib.hab.de/drucke/xb-4679-2s/00023.jpg
ampullae cucurbitae retorts furnace otherAlchemicalTools,http://diglib.hab.de/drucke/xb-4679-2s/00019.jpg
ampullae,http://diglib.hab.de/drucke/153-2-phys/00073.jpg
ampullae furnace,http://diglib.hab.de/drucke/153-2-phys/00077.jpg
ampullae cucurbitae rosenhut alembics,http://diglib.hab.de/drucke/mf-4f-3/00017.jpg
ampullae,http://diglib.hab.de/drucke/nd-782-1/00922a.jpg
ampullae,http://diglib.hab.de/drucke/552-22-quod/00070.jpg
ampullae cucurbitae alembics,http://diglib.hab.de/drucke/47-phys-2f/00060.jpg
ampullae furnace,http://diglib.hab.de/drucke/xb-88-1/00277.jpg
ampullae,http://diglib.hab.de/drucke/xb-4f-8-2/00031.jpg
ampullae cucurbitae alembics furnace,http://diglib.hab.de/drucke/95-1-quod-2f-2s/00137.jpg
ampullae cucurbitae retorts alembics,http://diglib.hab.de/drucke/95-1-quod-2f-2s/00134.jpg
ampullae cucurbitae alembics furnace,http://diglib.hab.de/drucke/95-1-quod-2f-2s/00140.jpg
ampullae,http://diglib.hab.de/drucke/35-1-phys-2f-1s/00108.jpg
ampullae cucurbitae,http://diglib.hab.de/drucke/35-1-phys-2f-1s/00070.jpg
ampullae,http://diglib.hab.de/drucke/35-1-phys-2f-1s/00094.jpg
ampullae,http://diglib.hab.de/drucke/74-phys/00446.jpg
ampullae cucurbitae furnace,http://diglib.hab.de/drucke/54-med-1s/00041.jpg
ampullae,http://diglib.hab.de/drucke/54-med-1s/00057.jpg
ampullae cucurbitae alembics furnace,http://diglib.hab.de/drucke/54-med-1s/00035.jpg
ampullae furnace,http://diglib.hab.de/drucke/218-quod-1s/00003.jpg
ampullae,http://diglib.hab.de/drucke/na-2f-3-1/00417.jpg
ampullae furnace otherAlchemicalTools,http://diglib.hab.de/drucke/nd-4f-18/00553.jpg
ampullae ollae cucurbitae retorts crucible,http://diglib.hab.de/drucke/nd-4f-18/00414.jpg
ampullae ollae cucurbitae retorts alembics furnace,http://diglib.hab.de/drucke/nd-4f-18/00411.jpg
ampullae ollae cucurbitae,http://diglib.hab.de/drucke/nd-4f-18/00417.jpg
ampullae cucurbitae retorts,http://diglib.hab.de/drucke/xb-4819/00008.jpg
ampullae cucurbitae furnace,http://diglib.hab.de/drucke/nd-2f-1-1b/00981.jpg
ampullae cucurbitae alembics furnace,http://diglib.hab.de/drucke/mf-2f-6-2b/00055.jpg
ampullae cucurbitae rosenhut furnace otherAlchemicalTools,http://diglib.hab.de/drucke/218-9-quod-11s/r00001.jpg
ampullae,http://diglib.hab.de/drucke/nd-779/00102.jpg
ampullae furnace,http://diglib.hab.de/drucke/nd-779/00242.jpg
ampullae furnace,http://diglib.hab.de/drucke/xb-12f-161/00140.jpg
ampullae ollae cucurbitae crucible alembics furnace,http://diglib.hab.de/drucke/xb-4679-2s/00033.jpg
ampullae cucurbitae furnace,http://diglib.hab.de/drucke/mf-4f-3/00312.jpg
ampullae ollae cucurbitae alembics,http://diglib.hab.de/drucke/24-1-med/00492.jpg
ampullae,http://diglib.hab.de/drucke/35-1-phys-2f-1s/00096.jpg
ampullae cucurbitae alembics,http://diglib.hab.de/drucke/35-1-phys-2f-1s/00075.jpg
ampullae,http://diglib.hab.de/drucke/89-4-quod-2f-1s/00017.jpg
ampullae,http://diglib.hab.de/drucke/xb-7748/00136.jpg
ampullae cucurbitae furnace,http://diglib.hab.de/drucke/109-27-med-1s/00439.jpg
ampullae cucurbitae furnace,http://diglib.hab.de/drucke/109-27-med-1s/00446.jpg
ampullae ollae cucurbitae furnace otherAlchemicalTools,http://diglib.hab.de/drucke/nd-783/00114a.jpg
ampullae,http://diglib.hab.de/drucke/153-2-phys/00249.jpg
ampullae,http://diglib.hab.de/drucke/nd-2f-1-2b/00622.jpg
ampullae cucurbitae retorts furnace,http://diglib.hab.de/drucke/mf-2f-6-2b/00071.jpg
ampullae cucurbitae retorts alembics furnace,http://diglib.hab.de/drucke/mf-2f-6-2b/00065.jpg
ampullae ollae cucurbitae retorts cupel alembics,http://diglib.hab.de/drucke/mf-2f-6-2b/00057.jpg
ampullae cucurbitae alembics,http://diglib.hab.de/drucke/mf-2f-6-2b/00819.jpg
ampullae cucurbitae retorts furnace,http://diglib.hab.de/drucke/54-med-1s/00138.jpg
ampullae,http://diglib.hab.de/drucke/54-med-1s/00038.jpg
ampullae,http://diglib.hab.de/drucke/54-med-1s/00060.jpg
ampullae cucurbitae retorts furnace,http://diglib.hab.de/drucke/xb-6197-2s/00307.jpg
ampullae cucurbitae alembics furnace otherAlchemicalTools,http://diglib.hab.de/drucke/xb-6197-2s/00302.jpg
ampullae cucurbitae alembics furnace,http://diglib.hab.de/drucke/nd-2f-1-1b/00565.jpg
ampullae furnace,http://diglib.hab.de/drucke/nd-2f-1-1b/00977.jpg
ampullae,http://diglib.hab.de/drucke/nd-2f-1-1b/00979.jpg
ampullae cucurbitae alembics furnace,http://diglib.hab.de/drucke/nd-2f-1-1b/00971.jpg
ampullae cucurbitae alembics,http://diglib.hab.de/drucke/nd-2f-1-1b/00975.jpg
ampullae cucurbitae alembics furnace,http://diglib.hab.de/drucke/oc-77-2/00847.jpg
ampullae,http://diglib.hab.de/drucke/xb-7887/00076.jpg
ampullae,http://diglib.hab.de/drucke/xb-7887/00086.jpg
ampullae cucurbitae alembics furnace,http://diglib.hab.de/drucke/xb-7887/00010.jpg
ampullae,http://diglib.hab.de/drucke/na-2f-3-2/00454.jpg
ampullae,http://diglib.hab.de/drucke/hr-424/00349.jpg
ampullae,http://diglib.hab.de/drucke/nd-4f-18/00574.jpg
ampullae ollae cucurbitae crucible,http://diglib.hab.de/drucke/nd-4f-18/00416.jpg
ampullae cucurbitae alembics,http://diglib.hab.de/drucke/nd-4f-18/00418.jpg
ampullae ollae cucurbitae retorts cupel alembics,http://diglib.hab.de/drucke/96-1-phys/00096.jpg
ampullae furnace,http://diglib.hab.de/drucke/nd-779/00115.jpg
ampullae,http://diglib.hab.de/drucke/xb-12f-161/00075.jpg
ampullae cucurbitae alembics,http://diglib.hab.de/drucke/3-bell/00395.jpg
ampullae cucurbitae alembics furnace,http://diglib.hab.de/drucke/47-phys-2f/00058.jpg
ampullae,http://diglib.hab.de/drucke/xb-3832/00143.jpg
ampullae cucurbitae retorts furnace,http://diglib.hab.de/drucke/oc-77-1/00662.jpg
ampullae cucurbitae alembics,http://diglib.hab.de/drucke/oc-77-1/01200.jpg
ampullae,http://diglib.hab.de/drucke/oc-77-2/00753.jpg
ampullae furnace,http://diglib.hab.de/drucke/na-2f-3-2/00462.jpg
ampullae cucurbitae alembics furnace,http://diglib.hab.de/drucke/95-1-quod-2f-2s/00155.jpg
ampullae cucurbitae rosenhut furnace,http://diglib.hab.de/drucke/35-1-phys-2f-1s/00061.jpg
ampullae cucurbitae alembics furnace,http://diglib.hab.de/drucke/35-1-phys-2f-1s/00062.jpg
ampullae cucurbitae rosenhut furnace,http://diglib.hab.de/drucke/35-1-phys-2f-1s/00133.jpg
ampullae,http://diglib.hab.de/drucke/109-27-med-1s/00170.jpg
ampullae,http://diglib.hab.de/drucke/109-27-med-1s/00153.jpg
ampullae furnace,http://diglib.hab.de/drucke/nd-2f-1-2b/00094.jpg
ampullae cucurbitae alembics furnace otherAlchemicalTools,http://diglib.hab.de/drucke/mf-2f-6-2b/00061.jpg
ampullae furnace,http://diglib.hab.de/drucke/nd-2f-1-1b/00965.jpg
ampullae,http://diglib.hab.de/drucke/nd-2f-1-1b/00985.jpg
ampullae cucurbitae furnace,http://diglib.hab.de/drucke/nd-2f-1-1b/00987.jpg
ampullae,http://diglib.hab.de/drucke/74-phys/00661.jpg
ampullae cucurbitae alembics,http://diglib.hab.de/drucke/54-med-1s/00144.jpg
ampullae,http://diglib.hab.de/drucke/54-med-1s/00037.jpg
ampullae,http://diglib.hab.de/drucke/54-med-1s/00063.jpg
ampullae,http://diglib.hab.de/drucke/mf-4f-3/00027.jpg
ampullae ampullae cucurbitae cucurbitae retorts retorts furnace furnace,http://diglib.hab.de/drucke/46-10-med-1s/00147.jpg
ampullae cucurbitae retorts furnace,http://diglib.hab.de/drucke/xb-4679-2s/00025.jpg
ampullae ollae cucurbitae alembics furnace,http://diglib.hab.de/drucke/xb-4679-2s/00029.jpg
ampullae cucurbitae retorts furnace,http://diglib.hab.de/drucke/nd-4f-18/00397.jpg
ampullae cucurbitae,http://diglib.hab.de/drucke/nd-4f-18/00408.jpg
ampullae cucurbitae retorts alembics,http://diglib.hab.de/drucke/nd-4f-18/00576.jpg
ampullae,http://diglib.hab.de/drucke/nd-4f-18/00571.jpg
ampullae furnace,http://diglib.hab.de/drucke/nd-4f-18/00572.jpg
ampullae,http://diglib.hab.de/drucke/nd-4f-18/00409.jpg
ampullae cucurbitae alembics,http://diglib.hab.de/drucke/xb-4819/00023.jpg
ampullae,http://diglib.hab.de/drucke/153-2-phys/00041.jpg
ampullae cucurbitae retorts furnace,http://diglib.hab.de/drucke/ma-149-1s/00777.jpg
ampullae,http://diglib.hab.de/drucke/218-quod-1s/00040.jpg
ampullae furnace otherAlchemicalTools,http://diglib.hab.de/drucke/46-2-med-1s/eb03.jpg
ampullae cucurbitae alembics,http://diglib.hab.de/drucke/oc-77-1/01224.jpg
ampullae,http://diglib.hab.de/drucke/xb-4819/00009.jpg
ampullae,http://diglib.hab.de/drucke/xb-4819/00012.jpg
ampullae cucurbitae alembics furnace otherAlchemicalTools,http://diglib.hab.de/drucke/mf-2f-6-2b/00063.jpg
ampullae,http://diglib.hab.de/drucke/xb-12f-161/00126.jpg
ampullae cucurbitae rosenhut,http://diglib.hab.de/drucke/mf-4f-3/00016.jpg
ampullae,http://diglib.hab.de/drucke/54-med-1s/00049.jpg
ampullae cucurbitae alembics,http://diglib.hab.de/drucke/54-med-1s/00058.jpg
ampullae,http://diglib.hab.de/drucke/54-med-1s/00059.jpg
ampullae cucurbitae alembics,http://diglib.hab.de/drucke/nd-283-2s/00176.jpg
ampullae ollae cucurbitae retorts furnace,http://diglib.hab.de/drucke/74-phys/00456.jpg
ampullae,http://diglib.hab.de/drucke/xb-6197-2s/00413.jpg
ampullae,http://diglib.hab.de/drucke/nd-14-1s/00066.jpg
ampullae ollae cucurbitae retorts alembics furnace,http://diglib.hab.de/drucke/xb-4679-2s/00037.jpg
ampullae otherAlchemicalTools,http://diglib.hab.de/drucke/xb-4679-2s/00042.jpg
ampullae,http://diglib.hab.de/drucke/24-1-med/00491.jpg
ampullae cucurbitae alembics furnace,http://diglib.hab.de/drucke/xb-7887/00009.jpg
ampullae cucurbitae rosenhut alembics furnace,http://diglib.hab.de/drucke/xb-7887/00013.jpg
ampullae cucurbitae rosenhut alembics furnace,http://diglib.hab.de/drucke/xb-7887/00014.jpg
ampullae cucurbitae alembics,http://diglib.hab.de/drucke/xb-7887/00015.jpg
ampullae,http://diglib.hab.de/drucke/46-phys-2s/00019.jpg
ampullae cucurbitae alembics furnace,http://diglib.hab.de/drucke/nd-4f-18/00401.jpg
ampullae cucurbitae alembics,http://diglib.hab.de/drucke/nd-4f-18/00615.jpg
ampullae cucurbitae retorts alembics furnace,http://diglib.hab.de/drucke/nd-4f-18/00558.jpg
ampullae cucurbitae rosenhut alembics furnace,http://diglib.hab.de/drucke/nd-4f-18/00551.jpg
ampullae cucurbitae alembics furnace,http://diglib.hab.de/drucke/nd-4f-18/00552.jpg
ampullae cucurbitae furnace,http://diglib.hab.de/drucke/nd-4f-18/00573.jpg
ampullae cucurbitae alembics furnace,http://diglib.hab.de/drucke/nd-4f-18/00563.jpg
ampullae cucurbitae alembics furnace,http://diglib.hab.de/drucke/nd-4f-18/00564.jpg
ampullae furnace,http://diglib.hab.de/drucke/nd-2f-1-1b/00983.jpg
ampullae,http://diglib.hab.de/drucke/xb-4f-8-2/00193.jpg
ampullae,http://diglib.hab.de/drucke/xb-4f-8-2/00192.jpg
ampullae cucurbitae alembics furnace,http://diglib.hab.de/drucke/35-1-phys-2f-1s/00064.jpg
ampullae,http://diglib.hab.de/drucke/35-1-phys-2f-1s/00136.jpg
ampullae cucurbitae,http://diglib.hab.de/drucke/35-1-phys-2f-1s/00128.jpg
ampullae,http://diglib.hab.de/drucke/89-4-quod-2f-1s/00014.jpg
ampullae cucurbitae furnace,http://diglib.hab.de/drucke/47-phys-2f/00052.jpg
ampullae,http://diglib.hab.de/drucke/xb-3832/00139.jpg
ampullae furnace,http://diglib.hab.de/drucke/218-quod-1s/00078.jpg
ampullae,http://diglib.hab.de/drucke/218-quod-1s/00069.jpg
ampullae cucurbitae rosenhut furnace otherAlchemicalTools,http://diglib.hab.de/drucke/n-96-4f-helmst-6s/00001.jpg
ollae crucible furnace,http://diglib.hab.de/drucke/3-bell/00117.jpg
ollae crucible furnace otherAlchemicalTools,http://diglib.hab.de/drucke/95-1-quod-2f-2s/00194.jpg
ollae furnace,http://diglib.hab.de/drucke/95-1-quod-2f-2s/00172.jpg
ollae cupel,http://diglib.hab.de/drucke/mf-4f-3/00015.jpg
ollae ollae cucurbitae cucurbitae,http://diglib.hab.de/drucke/46-10-med-1s/00270.jpg
ollae furnace,http://diglib.hab.de/drucke/nd-4f-18/00392.jpg
ollae furnace,http://diglib.hab.de/drucke/nd-4f-18/00390.jpg
ollae crucible furnace,http://diglib.hab.de/drucke/nd-4f-18/00376.jpg
ollae,http://diglib.hab.de/drucke/nd-4f-18/00510.jpg
ollae crucible furnace otherAlchemicalTools,http://diglib.hab.de/drucke/nd-4f-18/00369.jpg
ollae cupel crucible furnace otherAlchemicalTools,http://diglib.hab.de/drucke/nd-4f-18/00344.jpg
ollae crucible furnace otherAlchemicalTools,http://diglib.hab.de/drucke/nd-4f-18/00353.jpg
ollae cucurbitae cupel alembics,http://diglib.hab.de/drucke/mf-4f-3/00026.jpg
ollae,http://diglib.hab.de/drucke/xb-4f-8-2/00030.jpg
ollae,http://diglib.hab.de/drucke/89-4-quod-2f-1s/00013.jpg
ollae cupel,http://diglib.hab.de/drucke/95-1-quod-2f-2s/00184.jpg
ollae cupel,http://diglib.hab.de/drucke/95-1-quod-2f-2s/00030.jpg
ollae cupel,http://diglib.hab.de/drucke/95-1-quod-2f-2s/00031.jpg
ollae cupel,http://diglib.hab.de/drucke/95-1-quod-2f-2s/00169.jpg
ollae crucible furnace,http://diglib.hab.de/drucke/95-1-quod-2f-2s/00167.jpg
ollae furnace,http://diglib.hab.de/drucke/3-bell/00139.jpg
ollae cucurbitae cupel alembics furnace,http://diglib.hab.de/drucke/52-med-4s/00002.jpg
ollae cupel,http://diglib.hab.de/drucke/mf-12/00005.jpg
ollae cupel furnace otherAlchemicalTools,http://diglib.hab.de/drucke/95-1-quod-2f-2s/00071.jpg
ollae cupel otherAlchemicalTools,http://diglib.hab.de/drucke/95-1-quod-2f-2s/00025.jpg
ollae furnace,http://diglib.hab.de/drucke/od-216/00355.jpg
ollae,http://diglib.hab.de/drucke/na-2f-3-2/00199.jpg
ollae furnace,http://diglib.hab.de/drucke/nd-4f-18/00389.jpg
ollae cupel furnace,http://diglib.hab.de/drucke/xb-12f-161/00120.jpg
ollae cupel furnace otherAlchemicalTools,http://diglib.hab.de/drucke/3-bell/00202.jpg
ollae cupel,http://diglib.hab.de/drucke/3-bell/00223.jpg
ollae cucurbitae rosenhut,http://diglib.hab.de/drucke/3-bell/00398.jpg
ollae,http://diglib.hab.de/drucke/xb-4f-8-2/00029.jpg
ollae furnace,http://diglib.hab.de/drucke/95-1-quod-2f-2s/00232.jpg
ollae furnace otherAlchemicalTools,http://diglib.hab.de/drucke/95-1-quod-2f-2s/00204.jpg
ollae,http://diglib.hab.de/drucke/na-2f-3-2/00458.jpg
ollae furnace,http://diglib.hab.de/drucke/nd-4f-18/00388.jpg
ollae crucible furnace otherAlchemicalTools,http://diglib.hab.de/drucke/nd-4f-18/00374.jpg
ollae crucible furnace otherAlchemicalTools,http://diglib.hab.de/drucke/nd-4f-18/00349.jpg
ollae crucible furnace,http://diglib.hab.de/drucke/nd-4f-18/00493.jpg
ollae,http://diglib.hab.de/drucke/xb-4819/00015.jpg
ollae cupel furnace,http://diglib.hab.de/drucke/mf-2f-6-2b/01149.jpg
ollae cupel furnace,http://diglib.hab.de/drucke/xb-9206-1b/00687.jpg
ollae crucible furnace,http://diglib.hab.de/drucke/nd-4f-18/00360.jpg
ollae cupel crucible,http://diglib.hab.de/drucke/nd-4f-18/00348.jpg
ollae cupel crucible otherAlchemicalTools,http://diglib.hab.de/drucke/nd-4f-18/00347.jpg
ollae crucible furnace,http://diglib.hab.de/drucke/nd-4f-18/00413.jpg
ollae cupel,http://diglib.hab.de/drucke/3-bell/00199.jpg
ollae furnace,http://diglib.hab.de/drucke/3-bell/00137.jpg
ollae furnace,http://diglib.hab.de/drucke/3-bell/00132.jpg
ollae cupel crucible furnace,http://diglib.hab.de/drucke/95-1-quod-2f-2s/00055.jpg
ollae,http://diglib.hab.de/drucke/xb-3832/00095.jpg
cucurbitae,http://diglib.hab.de/drucke/xb-7887/00071.jpg
cucurbitae alembics furnace,http://diglib.hab.de/drucke/xb-7887/00118.jpg
cucurbitae,http://diglib.hab.de/drucke/109-27-med-1s/00351.jpg
cucurbitae alembics furnace,http://diglib.hab.de/drucke/nd-4f-18/00556.jpg
cucurbitae,http://diglib.hab.de/drucke/nd-4f-18/00420.jpg
cucurbitae alembics furnace,http://diglib.hab.de/drucke/nd-4f-18/00412.jpg
cucurbitae alembics furnace,http://diglib.hab.de/drucke/oc-77-1/00661.jpg
cucurbitae alembics furnace,http://diglib.hab.de/drucke/xb-6197-2s/00304.jpg
cucurbitae rosenhut,http://diglib.hab.de/drucke/mf-4f-3/00029.jpg
cucurbitae retorts furnace,http://diglib.hab.de/drucke/54-med-1s/00045.jpg
cucurbitae alembics,http://diglib.hab.de/drucke/54-med-1s/00158.jpg
cucurbitae alembics,http://diglib.hab.de/drucke/35-1-phys-2f-1s/00066.jpg
cucurbitae rosenhut,http://diglib.hab.de/drucke/35-1-phys-2f-1s/00088.jpg
cucurbitae rosenhut furnace otherAlchemicalTools,http://diglib.hab.de/drucke/3-bell/00394.jpg
cucurbitae retorts furnace,http://diglib.hab.de/drucke/xb-4679-2s/00036.jpg
cucurbitae alembics,http://diglib.hab.de/drucke/30-med-2f-1s/00068.jpg
cucurbitae retorts,http://diglib.hab.de/drucke/26-8-med-2s/00026.jpg
cucurbitae retorts rosenhut alembics,http://diglib.hab.de/drucke/26-8-med-2s/00033.jpg
cucurbitae alembics furnace otherAlchemicalTools,http://diglib.hab.de/drucke/3-bell/00133.jpg
cucurbitae alembics furnace,http://diglib.hab.de/drucke/mf-4f-3/00005.jpg
cucurbitae retorts furnace,http://diglib.hab.de/drucke/552-22-quod/00048.jpg
cucurbitae,http://diglib.hab.de/drucke/47-phys-2f/00135.jpg
cucurbitae,http://diglib.hab.de/drucke/109-27-med-1s/00303.jpg
cucurbitae alembics furnace otherAlchemicalTools,http://diglib.hab.de/drucke/95-1-quod-2f-2s/00109.jpg
cucurbitae retorts,http://diglib.hab.de/drucke/wa-2f-98/00010.jpg
cucurbitae retorts,http://diglib.hab.de/drucke/54-med-1s/00062.jpg
cucurbitae cucurbitae,http://diglib.hab.de/drucke/46-10-med-1s/00113.jpg
cucurbitae,http://diglib.hab.de/drucke/142-3-phys/00036.jpg
cucurbitae cucurbitae alembics alembics,http://diglib.hab.de/drucke/46-10-med-1s/00125.jpg
cucurbitae alembics,http://diglib.hab.de/drucke/29-2-med-2f/00768.jpg
cucurbitae alembics furnace,http://diglib.hab.de/drucke/29-2-med-2f/00769.jpg
cucurbitae retorts,http://diglib.hab.de/drucke/na-2f-3-2/00525.jpg
cucurbitae retorts,http://diglib.hab.de/drucke/nd-4f-18/00562.jpg
cucurbitae alembics,http://diglib.hab.de/drucke/xb-4819/00007.jpg
cucurbitae,http://diglib.hab.de/drucke/xb-4819/00020.jpg
cucurbitae alembics furnace,http://diglib.hab.de/drucke/xb-7887/00053.jpg
cucurbitae alembics,http://diglib.hab.de/drucke/30-med-2f-1s/00082.jpg
cucurbitae alembics,http://diglib.hab.de/drucke/30-med-2f-1s/00087a.jpg
cucurbitae retorts furnace,http://diglib.hab.de/drucke/3-bell/00397.jpg
cucurbitae alembics furnace,http://diglib.hab.de/drucke/3-bell/00402.jpg
cucurbitae alembics furnace,http://diglib.hab.de/drucke/3-bell/00250.jpg
cucurbitae rosenhut furnace,http://diglib.hab.de/drucke/3-bell/00389.jpg
cucurbitae alembics furnace,http://diglib.hab.de/drucke/nd-782-1/00950a.jpg
cucurbitae rosenhut furnace,http://diglib.hab.de/drucke/mf-4f-3/00020.jpg
cucurbitae alembics furnace,http://diglib.hab.de/drucke/mf-4f-3/00022.jpg
cucurbitae,http://diglib.hab.de/drucke/552-22-quod/00206.jpg
cucurbitae retorts alembics furnace,http://diglib.hab.de/drucke/95-1-quod-2f-2s/00001.jpg
cucurbitae retorts alembics furnace,http://diglib.hab.de/drucke/95-1-quod-2f-2s/00009.jpg
cucurbitae furnace,http://diglib.hab.de/drucke/35-1-phys-2f-1s/00125.jpg
cucurbitae furnace,http://diglib.hab.de/drucke/35-1-phys-2f-1s/00112.jpg
cucurbitae,http://diglib.hab.de/drucke/47-phys-2f/00055.jpg
cucurbitae cucurbitae retorts retorts furnace furnace,http://diglib.hab.de/drucke/46-10-med-1s/00149.jpg
cucurbitae cucurbitae retorts retorts furnace furnace,http://diglib.hab.de/drucke/46-10-med-1s/00114.jpg
cucurbitae furnace,http://diglib.hab.de/drucke/nd-283-2s/00162.jpg
cucurbitae alembics furnace,http://diglib.hab.de/drucke/54-med-1s/00051.jpg
cucurbitae retorts furnace,http://diglib.hab.de/drucke/54-med-1s/00031.jpg
cucurbitae furnace,http://diglib.hab.de/drucke/54-med-1s/00033.jpg
cucurbitae alembics furnace,http://diglib.hab.de/drucke/nd-4f-18/00393.jpg
cucurbitae alembics,http://diglib.hab.de/drucke/nd-4f-18/00415.jpg
cucurbitae retorts furnace,http://diglib.hab.de/drucke/nd-4f-18/00565.jpg
cucurbitae,http://diglib.hab.de/drucke/xb-4819/00268.jpg
cucurbitae,http://diglib.hab.de/drucke/xb-4819/00014.jpg
cucurbitae retorts,http://diglib.hab.de/drucke/xb-2146-2s/00065.jpg
cucurbitae,http://diglib.hab.de/drucke/mf-4f-3/00036.jpg
cucurbitae alembics furnace,http://diglib.hab.de/drucke/mf-4f-3/00052.jpg
cucurbitae alembics furnace,http://diglib.hab.de/drucke/mf-4f-3/00021.jpg
cucurbitae furnace,http://diglib.hab.de/drucke/54-med-1s/00028.jpg
cucurbitae alembics otherAlchemicalTools,http://diglib.hab.de/drucke/54-med-1s/00061.jpg
cucurbitae retorts,http://diglib.hab.de/drucke/145-1-phys-2s/00015.jpg
cucurbitae retorts furnace,http://diglib.hab.de/drucke/na-2f-3-1/00007.jpg
cucurbitae,http://diglib.hab.de/drucke/xb-7887/00045.jpg
cucurbitae alembics furnace,http://diglib.hab.de/drucke/xb-7887/00069.jpg
cucurbitae alembics furnace,http://diglib.hab.de/drucke/nd-4f-18/00550.jpg
cucurbitae,http://diglib.hab.de/drucke/nd-4f-18/00419.jpg
cucurbitae alembics furnace,http://diglib.hab.de/drucke/3-bell/00390.jpg
cucurbitae alembics furnace,http://diglib.hab.de/drucke/3-bell/00391.jpg
cucurbitae retorts,http://diglib.hab.de/drucke/35-1-phys-2f-1s/00156.jpg
cucurbitae retorts,http://diglib.hab.de/drucke/35-1-phys-2f-1s/00132.jpg
cucurbitae,http://diglib.hab.de/drucke/35-1-phys-2f-1s/00102.jpg
cucurbitae alembics furnace,http://diglib.hab.de/drucke/xb-3832/00103.jpg
cucurbitae,http://diglib.hab.de/drucke/142-3-phys/00038.jpg
cucurbitae alembics furnace,http://diglib.hab.de/drucke/142-3-phys/00039.jpg
cucurbitae retorts,http://diglib.hab.de/drucke/nd-779/00099.jpg
cucurbitae rosenhut alembics furnace,http://diglib.hab.de/drucke/3-bell/00403.jpg
cucurbitae alembics furnace,http://diglib.hab.de/drucke/47-phys-2f/00042.jpg
cucurbitae alembics,http://diglib.hab.de/drucke/na-2f-3-2/00457.jpg
cucurbitae alembics,http://diglib.hab.de/drucke/xb-7887/00016.jpg
cucurbitae alembics furnace,http://diglib.hab.de/drucke/xb-7887/00017.jpg
cucurbitae alembics,http://diglib.hab.de/drucke/35-1-phys-2f-1s/00080.jpg
cucurbitae rosenhut furnace,http://diglib.hab.de/drucke/35-1-phys-2f-1s/00078.jpg
cucurbitae furnace,http://diglib.hab.de/drucke/54-med-1s/00026.jpg
cucurbitae alembics furnace,http://diglib.hab.de/drucke/54-med-1s/00030.jpg
cucurbitae rosenhut furnace,http://diglib.hab.de/drucke/mf-4f-3/00019.jpg
cucurbitae,http://diglib.hab.de/drucke/mf-4f-3/00023.jpg
cucurbitae alembics furnace,http://diglib.hab.de/drucke/nd-4f-18/00559.jpg
cucurbitae alembics furnace,http://diglib.hab.de/drucke/nd-4f-18/00543.jpg
cucurbitae alembics furnace,http://diglib.hab.de/drucke/nd-4f-18/00542.jpg
cucurbitae furnace,http://diglib.hab.de/drucke/nd-4f-18/00513.jpg
cucurbitae alembics furnace,http://diglib.hab.de/drucke/nd-4f-18/00508.jpg
cucurbitae retorts furnace,http://diglib.hab.de/drucke/nd-4f-18/00566.jpg
cucurbitae furnace,http://diglib.hab.de/drucke/nd-4f-18/00569.jpg
cucurbitae,http://diglib.hab.de/drucke/xb-4819/00019.jpg
cucurbitae furnace,http://diglib.hab.de/drucke/xb-3135/00008.jpg
cucurbitae alembics furnace,http://diglib.hab.de/drucke/26-8-med-2s/00047.jpg
cucurbitae alembics,http://diglib.hab.de/drucke/30-med-2f-1s/00081a.jpg
cucurbitae alembics,http://diglib.hab.de/drucke/xb-1806/00005.jpg
furnace otherAlchemicalTools,http://diglib.hab.de/drucke/3-bell/00350.jpg
furnace,http://diglib.hab.de/drucke/3-bell/00215.jpg
furnace,http://diglib.hab.de/drucke/xb-4679-2s/00584.jpg
furnace,http://diglib.hab.de/drucke/nd-782-1/00942a.jpg
furnace,http://diglib.hab.de/drucke/47-phys-2f/00045.jpg
furnace,http://diglib.hab.de/drucke/47-phys-2f/00056.jpg
furnace,http://diglib.hab.de/drucke/95-1-quod-2f-2s/00130.jpg
furnace,http://diglib.hab.de/drucke/95-1-quod-2f-2s/00136.jpg
furnace,http://diglib.hab.de/drucke/95-1-quod-2f-2s/00244.jpg
furnace,http://diglib.hab.de/drucke/24-1-med/00005.jpg
furnace,http://diglib.hab.de/drucke/xb-1648/00039.jpg
furnace,http://diglib.hab.de/drucke/na-2f-3-1/00339.jpg
furnace,http://diglib.hab.de/drucke/od-216/00353.jpg
furnace,http://diglib.hab.de/drucke/od-216/00349.jpg
furnace,http://diglib.hab.de/drucke/od-215/00088.jpg
furnace,http://diglib.hab.de/drucke/nd-4f-18/00403.jpg
furnace,http://diglib.hab.de/drucke/nd-4f-18/00406.jpg
furnace,http://diglib.hab.de/drucke/nd-4f-18/00627.jpg
furnace,http://diglib.hab.de/drucke/nd-4f-18/00395.jpg
furnace,http://diglib.hab.de/drucke/nd-4f-18/00394.jpg
furnace,http://diglib.hab.de/drucke/nd-4f-18/00384.jpg
furnace,http://diglib.hab.de/drucke/nd-4f-18/00378.jpg
furnace,http://diglib.hab.de/drucke/nd-4f-18/00365.jpg
furnace,http://diglib.hab.de/drucke/nd-4f-18/00366.jpg
furnace,http://diglib.hab.de/drucke/nd-4f-18/00368.jpg
furnace,http://diglib.hab.de/drucke/nd-4f-18/00371.jpg
furnace,http://diglib.hab.de/drucke/nd-4f-18/00361.jpg
furnace,http://diglib.hab.de/drucke/nd-4f-18/00354.jpg
furnace,http://diglib.hab.de/drucke/nd-4f-18/00362.jpg
furnace,http://diglib.hab.de/drucke/nd-4f-18/00519.jpg
furnace,http://diglib.hab.de/drucke/nd-4f-18/00524.jpg
furnace,http://diglib.hab.de/drucke/nd-4f-18/00520.jpg
furnace,http://diglib.hab.de/drucke/xb-7884/00020.jpg
furnace,http://diglib.hab.de/drucke/109-27-med-1s/00098.jpg
furnace,http://diglib.hab.de/drucke/nd-4f-18/00398.jpg
furnace,http://diglib.hab.de/drucke/nd-4f-18/00614.jpg
furnace,http://diglib.hab.de/drucke/nd-4f-18/00386.jpg
furnace,http://diglib.hab.de/drucke/nd-4f-18/00382.jpg
furnace,http://diglib.hab.de/drucke/nd-4f-18/00367.jpg
furnace,http://diglib.hab.de/drucke/nd-4f-18/00355.jpg
furnace,http://diglib.hab.de/drucke/nd-4f-18/00512.jpg
furnace,http://diglib.hab.de/drucke/nd-4f-18/00421.jpg
furnace,http://diglib.hab.de/drucke/od-215/00034.jpg
furnace,http://diglib.hab.de/drucke/od-215/00084.jpg
furnace,http://diglib.hab.de/drucke/od-216/00227.jpg
furnace,http://diglib.hab.de/drucke/od-216/00341.jpg
furnace,http://diglib.hab.de/drucke/od-216/00443.jpg
furnace otherAlchemicalTools,http://diglib.hab.de/drucke/mf-2f-6-2b/01145.jpg
furnace,http://diglib.hab.de/drucke/nd-782-1/00934a.jpg
furnace,http://diglib.hab.de/drucke/54-med-1s/00089.jpg
furnace,http://diglib.hab.de/drucke/95-1-quod-2f-2s/00267.jpg
furnace,http://diglib.hab.de/drucke/95-1-quod-2f-2s/00229.jpg
furnace,http://diglib.hab.de/drucke/95-1-quod-2f-2s/00021.jpg
furnace,http://diglib.hab.de/drucke/35-1-phys-2f-1s/00087.jpg
furnace otherAlchemicalTools,http://diglib.hab.de/drucke/3-bell/00234.jpg
furnace otherAlchemicalTools,http://diglib.hab.de/drucke/3-bell/00233.jpg
furnace otherAlchemicalTools,http://diglib.hab.de/drucke/3-bell/00349.jpg
furnace,http://diglib.hab.de/drucke/3-bell/00347.jpg
furnace,http://diglib.hab.de/drucke/3-bell/00131.jpg
furnace,http://diglib.hab.de/drucke/3-bell/00266.jpg
furnace,http://diglib.hab.de/drucke/oe-238/00082.jpg
furnace,http://diglib.hab.de/drucke/153-2-phys/00169.jpg
furnace,http://diglib.hab.de/drucke/218-quod-1s/00043.jpg
furnace,http://diglib.hab.de/drucke/30-med-2f-1s/00212.jpg
furnace,http://diglib.hab.de/drucke/26-8-med-2s/00050.jpg
furnace,http://diglib.hab.de/drucke/na-2f-4/00062.jpg
furnace,http://diglib.hab.de/drucke/96-1-phys/00091.jpg
furnace,http://diglib.hab.de/drucke/li-51/00184.jpg
furnace,http://diglib.hab.de/drucke/xb-149-1s/00439.jpg
furnace,http://diglib.hab.de/drucke/xb-12f-161/00081.jpg
furnace,http://diglib.hab.de/drucke/3-bell/00400.jpg
furnace,http://diglib.hab.de/drucke/3-bell/00213.jpg
furnace,http://diglib.hab.de/drucke/xb-3534/00009.jpg
furnace,http://diglib.hab.de/drucke/95-1-quod-2f-2s/00264.jpg
furnace otherAlchemicalTools,http://diglib.hab.de/drucke/95-1-quod-2f-2s/00074.jpg
furnace,http://diglib.hab.de/drucke/95-1-quod-2f-2s/00216.jpg
furnace,http://diglib.hab.de/drucke/xb-88-1/00235.jpg
furnace,http://diglib.hab.de/drucke/26-8-med-2s/00154.jpg
furnace otherAlchemicalTools,http://diglib.hab.de/drucke/46-med-4s/00001.jpg
furnace,http://diglib.hab.de/drucke/nd-2f-1-1b/00989.jpg
furnace,http://diglib.hab.de/drucke/nd-2f-1-1b/00111.jpg
furnace,http://diglib.hab.de/drucke/oc-77-1/00663.jpg
furnace,http://diglib.hab.de/drucke/oc-77-1/00006.jpg
furnace otherAlchemicalTools,http://diglib.hab.de/drucke/oc-77-1/00823.jpg
furnace,http://diglib.hab.de/drucke/oc-77-2/01231.jpg
furnace,http://diglib.hab.de/drucke/od-216/00091.jpg
furnace,http://diglib.hab.de/drucke/nd-4f-18/00407.jpg
furnace,http://diglib.hab.de/drucke/nd-4f-18/00387.jpg
furnace,http://diglib.hab.de/drucke/nd-4f-18/00385.jpg
furnace,http://diglib.hab.de/drucke/nd-4f-18/00377.jpg
furnace,http://diglib.hab.de/drucke/nd-4f-18/00383.jpg
furnace,http://diglib.hab.de/drucke/nd-4f-18/00364.jpg
furnace,http://diglib.hab.de/drucke/nd-4f-18/00370.jpg
furnace,http://diglib.hab.de/drucke/nd-4f-18/00359.jpg
furnace,http://diglib.hab.de/drucke/nd-4f-18/00356.jpg
furnace otherAlchemicalTools,http://diglib.hab.de/drucke/nd-4f-18/00357.jpg
furnace otherAlchemicalTools,http://diglib.hab.de/drucke/nd-4f-18/00554.jpg
furnace,http://diglib.hab.de/drucke/nd-4f-18/00345.jpg
furnace otherAlchemicalTools,http://diglib.hab.de/drucke/18-phys-2f/00218.jpg
furnace,http://diglib.hab.de/drucke/od-216/00083.jpg
furnace,http://diglib.hab.de/drucke/od-216/00229.jpg
furnace otherAlchemicalTools,http://diglib.hab.de/drucke/od-216/00345.jpg
furnace,http://diglib.hab.de/drucke/od-216/00371.jpg
furnace,http://diglib.hab.de/drucke/mf-2f-6-2b/00069.jpg
furnace,http://diglib.hab.de/drucke/416-quod-2s/00028.jpg
furnace,http://diglib.hab.de/drucke/74-phys/00454.jpg
furnace,http://diglib.hab.de/drucke/xb-9639/00005.jpg
furnace,http://diglib.hab.de/drucke/mf-69-1s/00422.jpg
furnace,http://diglib.hab.de/drucke/nd-4f-18/00404.jpg
furnace,http://diglib.hab.de/drucke/nd-4f-18/00405.jpg
furnace otherAlchemicalTools,http://diglib.hab.de/drucke/nd-4f-18/00375.jpg
furnace,http://diglib.hab.de/drucke/nd-4f-18/00373.jpg
furnace,http://diglib.hab.de/drucke/nd-4f-18/00555.jpg
furnace,http://diglib.hab.de/drucke/nd-4f-18/00352.jpg
furnace otherAlchemicalTools,http://diglib.hab.de/drucke/3-bell/00238.jpg
furnace otherAlchemicalTools,http://diglib.hab.de/drucke/3-bell/00232.jpg
furnace,http://diglib.hab.de/drucke/3-bell/00353.jpg
furnace,http://diglib.hab.de/drucke/95-1-quod-2f-2s/00100.jpg
furnace,http://diglib.hab.de/drucke/95-1-quod-2f-2s/00222.jpg
furnace,http://diglib.hab.de/drucke/35-1-phys-2f-1s/00082.jpg
furnace,http://diglib.hab.de/drucke/47-phys-2f/00005.jpg
furnace,http://diglib.hab.de/drucke/xb-3832/00091.jpg
furnace,http://diglib.hab.de/drucke/153-2-phys/00045.jpg
furnace,http://diglib.hab.de/drucke/30-med-2f-1s/00228.jpg
furnace,http://diglib.hab.de/drucke/nd-779/00174.jpg
furnace,http://diglib.hab.de/drucke/3-bell/00194.jpg
furnace otherAlchemicalTools,http://diglib.hab.de/drucke/3-bell/00352.jpg
furnace,http://diglib.hab.de/drucke/3-bell/00249.jpg
furnace,http://diglib.hab.de/drucke/oc-77-1/00660.jpg
furnace,http://diglib.hab.de/drucke/od-216/00087.jpg
furnace,http://diglib.hab.de/drucke/od-216/00395.jpg
furnace,http://diglib.hab.de/drucke/na-2f-3-1/00335.jpg
furnace otherAlchemicalTools,http://diglib.hab.de/drucke/xb-88-1/00259.jpg
furnace,http://diglib.hab.de/drucke/95-1-quod-2f-2s/00225.jpg
furnace,http://diglib.hab.de/drucke/35-1-phys-2f-1s/00051.jpg
furnace,http://diglib.hab.de/drucke/54-med-1s/00046.jpg
furnace,http://diglib.hab.de/drucke/nd-782-1/00946a.jpg
furnace,http://diglib.hab.de/drucke/nd-782-1/00938a.jpg
furnace otherAlchemicalTools,http://diglib.hab.de/drucke/18-phys-2f/00219.jpg
furnace,http://diglib.hab.de/drucke/nd-4f-18/00396.jpg
furnace,http://diglib.hab.de/drucke/nd-4f-18/00380.jpg
furnace,http://diglib.hab.de/drucke/nd-4f-18/00381.jpg
furnace,http://diglib.hab.de/drucke/nd-4f-18/00358.jpg
furnace,http://diglib.hab.de/drucke/nd-4f-18/00363.jpg
furnace,http://diglib.hab.de/drucke/nd-4f-18/00514.jpg
furnace otherAlchemicalTools,http://diglib.hab.de/drucke/nd-4f-18/00521.jpg
furnace,http://diglib.hab.de/drucke/nd-4f-18/00494.jpg
furnace,http://diglib.hab.de/drucke/153-2-phys/00181.jpg
furnace,http://diglib.hab.de/drucke/96-1-phys/00093.jpg
otherAlchemicalTools,http://diglib.hab.de/drucke/xb-149-1s/00517.jpg
otherAlchemicalTools,http://diglib.hab.de/drucke/3-bell/00362.jpg
otherAlchemicalTools,http://diglib.hab.de/drucke/3-bell/00360.jpg
otherAlchemicalTools,http://diglib.hab.de/drucke/552-22-quod/00077.jpg
otherAlchemicalTools,http://diglib.hab.de/drucke/18-phys-2f/00185.jpg
otherAlchemicalTools,http://diglib.hab.de/drucke/3-bell/00364.jpg
otherAlchemicalTools,http://diglib.hab.de/drucke/xb-1648/00041.jpg
otherAlchemicalTools,http://diglib.hab.de/drucke/416-quod-2s/00029.jpg
otherAlchemicalTools,http://diglib.hab.de/drucke/29-2-med-2f/00009.jpg
otherAlchemicalTools,http://diglib.hab.de/drucke/18-phys-2f/00184.jpg
otherAlchemicalTools,http://diglib.hab.de/drucke/3-bell/00361.jpg
otherAlchemicalTools,http://diglib.hab.de/drucke/3-bell/00363.jpg
otherAlchemicalTools,http://diglib.hab.de/drucke/3-bell/00100.jpg
